nama suplier,
PT. PLASTICOLORS EKA PERKASA,#REF!
PT. ANUGERAH SEJAHTERA GRAFIKA,
PT. SURABAYA MEKABOX,
PT. BUKITMEGA MASABADI ,
PT. TUNAS MITRA MAJU,
PT. MUTIARA CAHAYA PLASTINDO,
PT. GCM MARKETING SOLUTIONS,
PT. AVIENT COLORANT INDONESIA,
PT.CIPTA SURYA PLASTINDO,
PT. WWRC INDONESIA,
PT. SATRIAGRAHA SEMPURNA,
PT. INTERA LESTARI POLIMER,
PT.SANWE IINDO PERKASA,
CV. GUNAWAN PLASTIK,
PT. LOTTHE CHEMICAL TITAN NUSANTARA,
PT. DINAMIKA SOLUSINDO SUKSES MANDIRI,
PT. KING PERKASA MANDIRI ,
CV. FA BERSAUDARA,
PT. KRISTAL POLIMER INDO,
CV. SINAR KHARISMA INDONESIA,
PT. SANWE INDO PERKASA,
PT. ANEKA RUPA TERA,
CV. MITRA CAHAYA ABADI,
CV. MEDIA PRISMA GRAFIKA,
PT. CAHAYA MAS MAKMUR,
BUKIT MAS,
CV. BINTANG LANCAR,
UD. KURNIA,
CV. SUMBER ARTHA LANCAR SEJAHTERA,
PT. INDOVIP PERMATA MURNI,
PT. UNIVERSAL JASA KEMAS,
PT. SINAR LANGGENG CEMERLANG,
HOKKAN,
PT. SURYASUKSES ADI PERKASA,
PT. KHARISMA KARUNIA PERKASA,
PT. HOLLAND COLOUR ASIA,
PT. WWRC INDONESIA ,
CV. BINTANG LANCAR ,
PT. KRISTAL POLIMER INDO ,
HOKKAN DELTAPACK ,
PT. CIPTA SURYA PLASTINDO ,
PT. TUNAS MITRA MAJU ,
PT. TUNAS MITRA,
PT. SURYA SUKSES INTI MAKMUR ,
PT. SURYA SUKSES ADI PERKASA ,
PT. SANWE INDO PERKASA ,
MEDIA PRISMA GRAFIKA ,
PT. ESECODHARMA PERMAI ,
PT. SATRIAGRAHA SEMPURNA ,
CV. MITRA CAHAYA ABADI ,
PT. HOLLAND COLOURS ASIA ,
CV. CATUR PUTRA MAKMUR ,
UD. TIGA BERSAUDARA ,
ARJUNA GRAFIC ,
BUKIT MAS ,
ENDRO ATMAJA ,
PT. KHARISMA KARUNIA PERKASA ,
CV. MEDIA PRISMA GRAFIKA ,
PT.SATRIAGRAHA SEMPURNA ,
PT. ANEKA RUPA TERA ,
PT. UNIVERSAL JASA KEMAS ,
PT. DINAMIKA SOLUSINDO SUKSES MANDIRI ,
CV. GUNAWAN PLASTIK ,
SUMBER URIP PUTRA ,
PT. TUNAS MITRA MAJUN ,
UD. KARUNIA ,
CASH ,
HOLLAND COLOUR ASIA ,
CHOZEN PLASTINDO ,
CV. FA BERSAUDARA ,
PT. SINAR LANGGENG CEMERLANG ,
PT. AVIENT COLORANTS INDONESIA ,
HOKKAN DELTAPACK,
PT. DKSH INDONESIA,
PT. KERTA RAJASA RAYA,
PT. CHANDRA ASRI,
PT. TIRTA INVESTAMA,
PT. CHERVO PHILIP CHEMICAL ASIA,
PT. INDORAMA VENTURES INDONESIA,
PT. NAMASINDO PLAS,
PT. INDORAMA SYNTHETICS INDONESIA,
PT. MARUBENI INDONESIA,
PT. POLYTAMA PROPINDO,
PT. GCM MARKETING,
PT. PERTAMINA PETROCHEMICAL,
PT. INDORAMA POLYPET INDONESIA,
PT. URBITA OFFSET PRINTING,
PT. LOTTHE CHEMICAL INDONESIA,
PT. SURYASUKSES INTI MAKMUR,
PT. INDORAMA SYNTHETICS,
MEIKO SBY,
PT. SOJITZ INDONESIA,
PT. MAEDA INTERNATIONAL INDONESIA,